{
    "acc_top1": 100.0,
    "acc_top5": 100.0,
    "after_lr": 5e-05,
    "cpu_percent": 30.0,
    "cuda_gb_gpu_memory_used": 1.3494873046875,
    "current_cache_size_train_loader": 36,
    "current_cache_size_val_loader": 22,
    "current_tensor_cache_size_train_loader": 24964,
    "current_tensor_cache_size_val_loader": 1476,
    "epoch": 0,
    "global_step": 106240,
    "gpu_gb_total": 19.625,
    "len_train_loader": 88880,
    "len_val_loader": 22215,
    "loss": 0.8805419206619263,
    "ram_gb_available": 1431.7916374206543,
    "ram_gb_free": 1318.2193717956543,
    "ram_gb_total": 1511.5532264709473,
    "ram_gb_used": 70.55860900878906,
    "ram_gb_used_main_thread": 8.699413299560547,
    "ram_percent": 5.3,
    "step": 6240,
    "val_acc_top1": 100.0,
    "val_acc_top5": 100.0,
    "val_after_lr": 5e-05,
    "val_loss": 0.6868823766708374
}