{
    "acc_top1": 100.0,
    "acc_top5": 100.0,
    "after_lr": 4.998532043690905e-05,
    "cpu_percent": 26.2,
    "cuda_gb_gpu_memory_used": 1.3494873046875,
    "current_cache_size_train_loader": 6,
    "current_cache_size_val_loader": 26,
    "current_tensor_cache_size_train_loader": 165666,
    "current_tensor_cache_size_val_loader": 6509,
    "epoch": 16,
    "global_step": 799999,
    "gpu_gb_total": 19.625,
    "len_train_loader": 88880,
    "len_val_loader": 22215,
    "loss": 0.8981761932373047,
    "ram_gb_available": 1430.9257278442383,
    "ram_gb_free": 1310.0812339782715,
    "ram_gb_total": 1511.5532264709473,
    "ram_gb_used": 71.31255340576172,
    "ram_gb_used_main_thread": 58.333946228027344,
    "ram_percent": 5.3,
    "step": 49999,
    "val_acc_top1": 100.0,
    "val_acc_top5": 100.0,
    "val_after_lr": 4.998532043690905e-05,
    "val_loss": 1.0529710054397583
}