{
    "best_val_acc": 1.0,
    "train_acc": 0.9580194601381042,
    "train_loss": 0.0920461043715477,
    "val_acc": 1.0,
    "val_loss": 0.010901512578129768
}