{
    "best_val_acc": 1.0,
    "train_acc": 0.9598242310106717,
    "train_loss": 0.07522208988666534,
    "val_acc": 1.0,
    "val_loss": 0.005069646053016186
}